elapsed_time,servo_val,motor_speed
0.001,570,0
0.094,570,0
0.126,570,0
0.159,570,0
0.189,570,0
0.222,570,0
0.254,570,0
0.302,570,0
0.334,570,0
0.366,570,0
0.398,570,0
0.43,570,0
0.463,570,0
0.496,570,0
0.526,570,0
0.559,570,0
0.591,570,0
0.622,570,0
0.654,570,0
0.702,570,0
0.735,570,0
0.767,570,0
0.799,570,0
0.831,570,0
0.863,570,0
0.895,570,0
0.927,570,0
0.959,570,0
0.991,570,0
1.022,570,0
1.054,570,0
1.102,570,0
1.133,570,0
1.165,570,0
1.198,570,0
1.232,570,0
1.263,570,0
1.295,570,0
1.327,570,0
1.359,570,0
1.391,570,0
1.423,570,0
1.455,570,0
1.503,570,0
1.534,570,0
1.567,570,0
1.598,570,0
1.63,570,0
1.662,570,0
1.695,570,0
1.726,570,0
1.758,570,0
1.79,570,0
1.822,570,0
1.854,570,0
1.903,570,0
1.935,570,0
1.966,570,0
1.999,570,0
2.03,570,0
2.062,570,0
2.095,570,0
2.126,570,0
2.16,570,0
2.191,570,0
2.222,570,0
2.253,570,0
2.301,570,70
2.334,570,70
2.367,570,70
2.398,570,70
2.431,570,70
2.463,570,70
2.495,570,70
2.526,570,70
2.56,570,70
2.59,570,70
2.623,570,70
2.655,570,70
2.703,570,70
2.735,570,70
2.766,570,70
2.798,570,70
2.83,570,70
2.862,570,70
2.894,570,70
2.926,570,70
2.958,570,70
2.991,570,70
3.022,570,70
3.054,570,70
3.103,570,70
3.134,570,70
3.167,570,70
3.198,570,70
3.231,570,70
3.262,570,70
3.293,570,70
3.327,570,70
3.359,570,70
3.391,570,70
3.422,570,70
3.455,570,70
3.503,570,70
3.535,570,70
3.566,570,70
3.6,570,70
3.63,570,70
3.662,570,70
3.694,570,70
3.726,570,70
3.759,570,70
3.791,570,70
3.823,570,70
3.855,570,70
3.903,570,70
3.934,570,70
3.966,570,70
3.997,570,70
4.03,570,70
4.062,570,70
4.094,570,70
4.126,570,70
4.158,570,70
4.19,570,70
4.222,570,70
4.254,570,70
4.287,570,70
4.334,570,70
4.366,570,70
4.398,570,70
4.43,570,70
4.462,570,70
4.494,570,70
4.527,570,70
4.558,570,70
4.59,570,70
4.622,570,70
4.653,570,70
4.701,570,70
4.734,570,70
4.766,570,70
4.798,570,70
4.83,570,70
4.862,570,70
4.895,570,70
4.926,570,70
4.958,570,70
4.99,570,70
5.022,570,70
5.054,570,70
5.103,570,70
5.135,570,70
5.166,570,70
5.199,570,70
5.231,570,70
5.262,570,70
5.297,570,70
5.33,570,70
5.36,570,70
5.391,570,70
5.424,570,70
5.457,570,70
5.485,570,70
5.535,570,70
5.566,570,70
5.598,570,70
5.63,570,70
5.662,570,70
5.694,570,70
5.726,570,70
5.758,570,70
5.79,570,70
5.821,570,70
5.854,570,70
5.885,570,70
5.933,570,70
5.966,570,70
5.997,570,70
6.03,570,70
6.062,570,70
6.094,570,70
6.126,570,70
6.159,570,70
6.19,570,70
6.222,570,70
6.255,570,70
6.286,570,70
6.335,570,70
6.367,570,70
6.398,570,70
6.432,570,70
6.463,570,70
6.494,570,70
6.525,570,70
6.559,570,70
6.59,570,70
6.622,570,70
6.654,570,70
6.686,570,70
6.734,570,70
6.766,570,70
6.799,570,70
6.831,570,70
6.862,570,70
6.894,570,70
6.927,570,70
6.958,570,70
6.991,570,70
7.024,570,70
7.055,570,70
7.087,570,70
7.136,570,70
7.167,570,70
7.199,480,70
7.231,480,70
7.264,480,70
7.294,570,70
7.327,570,70
7.358,570,70
7.39,570,70
7.422,570,70
7.454,570,70
7.487,570,70
7.536,570,70
7.567,570,70
7.599,570,70
7.631,570,70
7.663,570,70
7.694,570,70
7.726,570,70
7.758,570,70
7.791,570,70
7.823,570,70
7.855,570,70
7.888,570,70
7.934,570,70
7.968,570,70
7.999,570,70
8.031,570,70
8.063,570,70
8.095,570,70
8.127,570,70
8.16,570,70
8.191,570,70
8.223,570,70
8.256,570,70
8.287,570,70
8.335,570,70
8.366,570,70
8.398,570,70
8.429,570,70
8.462,570,70
8.496,570,70
8.527,570,70
8.559,570,70
8.591,570,70
8.622,570,70
8.654,570,70
8.687,570,70
8.718,570,70
8.766,570,70
8.798,570,70
8.83,570,70
8.862,570,70
8.894,570,70
8.926,570,70
8.958,570,70
8.991,570,70
9.022,570,70
9.054,570,70
9.086,570,70
9.136,570,70
9.167,570,70
9.198,570,70
9.23,570,70
9.263,570,70
9.295,570,70
9.327,570,70
9.36,570,70
9.39,570,70
9.422,570,70
9.454,570,70
9.486,570,70
9.518,570,70
9.568,570,70
9.598,570,70
9.632,570,70
9.662,570,70
9.695,570,70
9.727,570,70
9.76,570,70
9.792,570,70
9.823,570,70
9.856,570,70
9.886,570,70
9.919,570,70
9.967,570,70
9.999,570,70
10.03,570,70
10.063,570,70
10.095,570,70
10.126,680,70
10.158,680,70
10.191,570,70
10.223,570,70
10.255,570,70
10.288,570,70
10.335,570,70
10.366,570,70
10.399,570,70
10.431,570,70
10.462,570,70
10.495,570,70
10.526,570,70
10.558,570,70
10.591,570,70
10.624,570,70
10.654,570,70
10.686,570,70
10.718,570,70
10.768,570,70
10.8,570,70
10.831,570,70
10.862,570,70
10.895,570,70
10.927,570,70
10.958,570,70
10.991,570,70
11.024,570,70
11.054,570,70
11.086,570,70
11.118,570,70
11.167,570,70
11.199,570,70
11.229,570,70
11.262,570,70
11.295,570,70
11.326,570,70
11.359,570,70
11.391,570,70
11.423,570,70
11.456,570,70
11.486,570,70
11.519,570,70
11.568,570,70
11.599,570,70
11.631,570,70
11.663,570,70
11.695,570,70
11.727,570,70
11.759,570,70
11.792,570,70
11.824,570,70
11.855,570,70
11.887,570,70
11.919,570,70
11.968,570,70
11.998,570,70
12.03,570,70
12.063,570,70
12.095,570,70
12.127,570,70
12.159,570,70
12.19,570,70
12.222,570,70
12.254,570,70
12.286,570,70
12.318,570,70
12.367,570,70
12.398,570,70
12.431,570,70
12.462,570,70
12.495,570,70
12.526,570,70
12.558,570,70
12.591,570,70
12.623,570,70
12.654,680,70
12.688,680,70
12.718,680,70
12.751,680,70
12.798,680,70
12.83,680,70
12.861,680,70
12.895,680,70
12.926,680,70
12.959,680,70
12.991,680,70
13.022,680,70
13.054,680,70
13.087,680,70
13.118,680,70
13.167,680,70
13.199,680,70
13.232,680,70
13.261,680,70
13.294,680,70
13.326,680,70
13.358,680,70
13.391,680,70
13.423,680,70
13.455,680,70
13.487,680,70
13.519,680,70
13.55,680,70
13.599,680,70
13.631,680,70
13.662,680,70
13.695,680,70
13.727,680,70
13.758,680,70
13.789,680,70
13.822,680,70
13.854,680,70
13.888,680,70
13.919,680,70
13.951,680,70
14.0,680,70
14.03,680,70
14.063,680,70
14.095,680,70
14.127,680,70
14.159,680,70
14.191,680,70
14.223,680,70
14.254,680,70
14.287,680,70
14.319,680,70
14.367,680,70
14.399,680,70
14.431,680,70
14.464,680,70
14.496,680,70
14.527,680,70
14.56,680,70
14.59,680,70
14.623,680,70
14.655,680,70
14.686,680,70
14.719,680,70
14.751,680,70
14.799,680,70
14.831,680,70
14.862,680,70
14.895,680,70
14.927,680,70
14.959,680,70
14.99,680,70
15.022,680,70
15.054,680,70
15.086,680,70
15.119,680,70
15.151,680,70
15.199,680,70
15.231,680,70
15.263,680,70
15.294,680,70
15.327,680,70
15.359,680,70
15.391,680,70
15.424,680,70
15.455,680,70
15.487,680,70
15.519,680,70
15.551,680,70
15.635,680,70
15.676,680,70
15.704,680,70
15.714,680,70
15.747,680,70
15.759,680,70
15.791,680,70
15.823,680,70
15.856,680,70
15.886,680,70
15.919,680,70
15.951,680,70
16.0,680,70
16.032,680,70
16.063,680,70
16.094,680,70
16.126,680,70
16.158,680,70
16.191,680,70
16.222,680,70
16.254,680,70
16.287,680,70
16.318,680,70
16.351,680,70
16.398,680,70
16.43,680,70
16.463,680,70
16.495,680,70
16.527,680,70
16.56,680,70
16.591,680,70
16.622,680,70
16.654,680,70
16.686,680,70
16.719,680,70
16.75,680,70
16.782,680,70
16.831,680,70
16.863,680,70
16.896,680,70
16.927,680,70
16.96,680,70
16.991,680,70
17.022,680,70
17.054,680,70
17.086,680,70
17.118,680,70
17.15,680,70
17.202,680,70
17.231,680,70
17.263,680,70
17.296,680,70
17.326,680,70
17.359,680,70
17.391,680,70
17.423,680,70
17.455,680,70
17.487,680,70
17.519,680,70
17.55,680,70
17.6,680,70
17.63,680,70
17.662,680,70
17.695,680,70
17.727,680,70
17.76,680,70
17.791,680,70
17.824,680,70
17.855,680,70
17.888,680,70
17.92,680,70
17.951,680,70
17.983,680,70
18.032,680,70
18.063,680,70
18.096,680,70
18.127,680,70
18.159,680,70
18.191,680,70
18.224,680,70
18.255,680,70
18.287,680,70
18.319,680,70
18.35,680,70
18.399,680,70
18.431,680,70
18.463,680,70
18.495,680,70
18.527,680,70
18.559,680,70
18.591,680,70
18.624,680,70
18.654,680,70
18.686,680,70
18.718,680,70
18.75,680,70
18.782,680,70
18.831,680,70
18.862,680,70
18.896,680,70
18.926,680,70
18.959,680,70
18.992,680,70
19.023,680,70
19.055,680,70
19.087,680,70
19.119,680,70
19.15,680,70
19.182,680,70
19.232,680,70
19.264,680,70
19.295,680,70
19.327,680,70
19.359,680,70
19.392,680,70
19.424,680,70
19.455,680,70
19.489,680,70
19.52,680,70
19.552,680,70
19.601,680,70
19.631,680,70
19.663,680,70
19.695,680,70
19.726,680,70
19.76,680,70
19.79,680,70
19.823,680,70
19.854,680,70
19.887,680,70
19.918,680,70
19.951,680,70
19.984,680,70
20.031,680,70
20.063,680,70
20.095,680,70
20.127,680,70
20.159,680,70
20.191,680,70
20.223,680,70
20.255,680,70
20.287,680,70
20.318,680,70
20.35,680,70
20.383,680,70
20.431,680,70
20.463,680,70
20.495,680,70
20.528,680,70
20.56,680,70
20.591,680,70
20.625,680,70
20.656,680,70
20.686,680,70
20.719,680,70
20.751,680,70
20.784,680,70
20.831,680,70
20.863,680,70
20.895,680,70
20.927,680,70
20.959,680,70
20.991,680,70
21.023,680,70
21.054,680,70
21.087,680,70
21.12,680,70
21.152,680,70
21.183,680,70
21.23,680,70
21.263,680,70
21.295,680,70
21.327,680,70
21.36,680,70
21.391,680,70
21.422,680,70
21.456,680,70
21.486,680,70
21.52,680,70
21.551,680,70
21.582,680,70
21.632,680,70
21.663,680,70
21.695,680,70
21.727,680,70
21.758,680,70
21.791,680,70
21.822,680,70
21.856,680,70
21.886,680,70
21.919,680,70
21.951,680,70
21.984,680,70
22.016,680,70
22.063,680,70
22.095,680,70
22.128,680,70
22.158,680,70
22.192,680,70
22.224,680,70
22.255,680,70
22.287,680,70
22.319,680,70
22.352,680,70
22.383,680,70
22.43,680,70
22.462,680,70
22.495,680,70
22.527,680,70
22.559,680,70
22.592,680,70
22.623,680,70
22.655,680,70
22.687,680,70
22.719,680,70
22.75,680,70
22.782,680,70
22.831,680,70
22.863,680,70
22.894,680,70
22.927,680,70
22.959,680,70
22.992,680,70
23.023,680,70
23.055,680,70
23.087,680,70
23.119,680,70
23.152,680,70
23.184,680,70
23.215,680,70
23.262,680,70
23.294,680,70
23.328,680,70
23.359,680,70
23.391,680,70
23.423,680,70
23.455,680,70
23.487,680,70
23.518,680,70
23.551,680,70
23.583,680,70
23.631,570,0
23.664,570,0
23.696,570,0
23.727,570,0
23.76,570,0
23.79,570,0
23.823,570,0
23.856,570,0
23.886,570,0
23.919,570,0
23.951,570,0
23.982,570,0
24.016,570,0
24.062,570,0
24.094,570,0
24.127,570,0
24.159,570,0
24.191,570,0
24.223,570,0
24.255,570,0
24.287,570,0
24.318,570,0
24.35,570,0
24.383,570,0
24.415,570,0
24.462,570,0
24.495,570,0
24.527,570,0
24.56,570,0
24.59,570,0
24.622,570,0
24.654,570,0
24.686,570,0
24.719,570,0
24.751,570,0
24.783,570,0
24.814,570,0
24.864,570,0
24.895,570,0
24.928,570,-70
24.959,570,-70
24.991,570,-70
25.023,570,-70
25.056,570,-70
25.087,570,-70
25.118,570,-70
25.152,570,-70
25.184,480,-70
25.216,480,-70
25.264,480,-70
25.294,480,-70
25.326,480,-70
25.359,480,-70
25.392,480,-70
25.423,480,-70
25.455,480,-70
25.487,480,-70
25.519,480,-70
25.551,480,-70
25.584,480,-70
25.615,480,-70
25.663,480,-70
25.694,480,-70
25.727,480,-70
25.759,480,-70
25.792,480,-70
25.824,480,-70
25.855,480,-70
25.886,480,-70
25.919,480,-70
25.951,480,-70
25.982,480,-70
26.015,480,-70
26.047,480,-70
26.095,480,-70
26.126,480,-70
26.159,480,-70
26.192,480,-70
26.222,480,-70
26.256,480,-70
26.287,480,-70
26.319,480,-70
26.35,480,-70
26.383,570,-70
26.415,570,-70
26.463,480,-70
26.496,480,-70
26.527,480,-70
26.56,480,-70
26.592,480,-70
26.624,480,-70
26.655,480,-70
26.687,480,-70
26.718,480,-70
26.751,480,-70
26.784,480,-70
26.816,480,-70
26.862,480,-70
26.895,480,-70
26.927,480,-70
26.96,480,-70
26.993,480,-70
27.024,480,-70
27.054,480,-70
27.087,480,-70
27.119,480,-70
27.151,480,-70
27.184,480,-70
27.216,480,-70
27.248,480,-70
27.295,480,-70
27.327,480,-70
27.358,480,-70
27.39,480,-70
27.423,480,-70
27.456,480,-70
27.487,480,-70
27.52,480,-70
27.552,570,-70
27.583,570,-70
27.616,570,-70
27.663,570,-70
27.694,570,-70
27.728,570,-70
27.759,570,-70
27.792,570,-70
27.824,570,-70
27.855,570,-70
27.887,570,-70
27.919,570,-70
27.951,570,-70
27.983,570,-70
28.015,570,-70
28.047,570,-70
28.094,570,-70
28.127,570,-70
28.16,570,-70
28.192,570,-70
28.223,570,-70
28.255,570,-70
28.287,570,-70
28.32,570,-70
28.352,570,-70
28.383,570,-70
28.416,570,-70
28.448,570,-70
28.495,570,-70
28.528,570,-70
28.559,570,-70
28.592,570,-70
28.623,570,-70
28.654,570,-70
28.686,570,-70
28.718,570,-70
28.751,570,-70
28.784,570,-70
28.815,570,-70
28.847,570,-70
28.894,570,-70
28.926,570,-70
28.959,570,-70
28.992,570,-70
29.023,570,-70
29.056,570,-70
29.087,570,-70
29.119,570,-70
29.152,570,-70
29.184,570,-70
29.216,570,-70
29.249,570,-70
29.297,570,-70
29.327,570,-70
29.36,570,-70
29.39,570,-70
29.422,570,-70
29.455,570,-70
29.487,570,-70
29.52,570,-70
29.551,570,-70
29.583,570,-70
29.616,570,-70
29.647,570,-70
29.696,570,-70
29.728,570,-70
29.759,570,-70
29.791,570,-70
29.823,570,-70
29.855,570,-70
29.887,570,-70
29.918,570,-70
29.951,570,-70
29.984,570,-70
30.016,570,-70
30.047,570,-70
30.096,570,-70
30.126,570,-70
30.159,570,-70
30.191,570,-70
30.223,570,-70
30.255,570,-70
30.288,570,-70
30.319,570,-70
30.351,570,-70
30.383,570,-70
30.43,570,-70
30.458,570,-70
30.494,570,-70
30.526,570,-70
30.558,570,-70
30.59,570,-70
30.623,570,-70
30.655,570,-70
30.687,570,-70
30.718,570,-70
30.75,570,-70
30.783,570,-70
30.815,570,-70
30.847,570,-70
30.894,570,-70
30.926,570,-70
30.958,480,-70
30.99,480,-70
31.022,480,-70
31.054,480,-70
31.086,480,-70
31.119,480,-70
31.151,480,-70
31.183,480,-70
31.216,480,-70
31.248,480,-70
31.28,480,-70
31.327,480,-70
31.359,480,-70
31.391,480,-70
31.423,480,-70
31.454,480,-70
31.486,480,-70
31.518,480,-70
31.552,480,-70
31.583,480,-70
31.615,480,-70
31.647,480,-70
31.695,480,-70
31.727,480,-70
31.759,480,-70
31.791,480,-70
31.823,480,-70
31.855,480,-70
31.887,480,-70
31.919,480,-70
31.95,480,-70
31.983,480,-70
32.016,480,-70
32.047,480,-70
32.079,480,-70
32.128,480,-70
32.16,480,-70
32.191,480,-70
32.223,480,-70
32.255,480,-70
32.287,480,-70
32.32,480,-70
32.351,480,-70
32.383,480,-70
32.415,480,-70
32.447,480,-70
32.479,480,-70
32.526,480,-70
32.559,480,-70
32.591,480,-70
32.622,480,-70
32.654,480,-70
32.687,480,-70
32.718,480,-70
32.751,480,-70
32.784,480,-70
32.815,480,-70
32.847,480,-70
32.895,480,-70
32.928,480,-70
32.959,480,-70
32.99,480,-70
33.022,480,-70
33.054,480,-70
33.086,480,-70
33.12,480,-70
33.15,480,-70
33.182,480,-70
33.215,480,-70
33.247,480,-70
33.279,480,-70
33.328,480,-70
33.36,480,-70
33.391,480,-70
33.423,480,-70
33.455,480,-70
33.487,480,-70
33.518,480,-70
33.551,480,-70
33.584,480,-70
33.616,480,-70
33.647,480,-70
33.678,480,-70
33.728,480,-70
33.759,480,-70
33.792,480,-70
33.823,480,-70
33.856,480,-70
33.888,480,-70
33.919,480,-70
33.951,480,-70
33.984,480,-70
34.014,480,-70
34.047,480,-70
34.078,480,-70
34.127,480,-70
34.16,480,-70
34.192,480,-70
34.224,480,-70
34.256,480,-70
34.288,480,-70
34.32,480,-70
34.352,480,-70
34.383,480,-70
34.415,480,-70
34.447,570,-70
34.48,570,-70
34.527,570,-70
34.559,570,-70
34.591,570,-70
34.623,570,-70
34.655,570,-70
34.687,570,-70
34.719,570,-70
34.751,570,-70
34.784,570,-70
34.815,570,-70
34.846,570,-70
34.879,570,-70
34.928,680,-70
34.96,680,-70
34.992,680,-70
35.024,570,-70
35.054,570,-70
35.087,570,-70
35.118,570,-70
35.15,570,-70
35.183,570,-70
35.214,570,-70
35.246,570,-70
35.279,570,-70
35.312,570,-70
35.36,570,-70
35.391,570,-70
35.424,570,-70
35.456,570,-70
35.487,570,-70
35.52,570,-70
35.55,570,-70
35.583,570,-70
35.615,680,-70
35.648,680,-70
35.678,570,-70
35.727,570,-70
35.758,570,-70
35.791,570,-70
35.823,570,-70
35.856,570,-70
35.887,570,-70
35.919,570,-70
35.951,570,-70
35.984,570,-70
36.016,570,-70
36.047,570,-70
36.078,680,-70
36.127,680,-70
36.159,680,-70
36.192,570,-70
36.224,570,-70
36.256,570,-70
36.287,570,-70
36.32,570,-70
36.352,570,-70
36.384,570,-70
36.416,570,-70
36.448,570,-70
36.48,570,-70
36.512,570,-70
36.56,570,-70
36.59,570,-70
36.623,570,-70
36.655,570,-70
36.688,570,-70
36.72,570,-70
36.751,570,-70
36.783,570,-70
36.816,570,-70
36.848,570,-70
36.88,570,-70
36.912,570,-70
36.96,570,-70
36.991,570,-70
37.023,570,-70
37.055,570,-70
37.087,570,-70
37.119,570,-70
37.151,570,-70
37.185,570,-70
37.215,570,-70
37.248,570,-70
37.279,570,-70
37.31,570,-70
37.359,570,-70
37.391,570,-70
37.423,570,-70
37.455,570,-70
37.487,570,-70
37.52,570,-70
37.551,570,-70
37.583,570,-70
37.615,570,-70
37.646,570,-70
37.679,570,-70
37.711,570,-70
37.759,570,-70
37.792,570,-70
37.823,570,-70
37.855,570,-70
37.887,570,-70
37.919,570,-70
37.951,570,-70
37.984,570,-70
38.016,570,-70
38.047,570,-70
38.079,570,0
38.111,570,0
38.16,570,0
38.192,570,0
38.223,570,0
38.255,570,0
38.287,570,0
38.319,570,0
38.351,570,0
38.384,570,0
38.416,570,0
38.447,570,0
38.479,570,0
38.512,570,0
38.56,570,0
38.591,570,0
38.623,570,0
38.656,570,0
38.687,570,0
38.721,570,0
38.752,570,0
38.783,570,0
38.815,570,0
38.847,570,0
38.879,570,0
38.912,570,0
38.961,570,0
38.991,570,0
39.023,570,0
39.055,570,0
39.088,570,0
39.118,570,0
39.151,570,0
39.183,570,0
39.216,570,0
39.246,570,0
39.279,570,0
39.311,570,0
39.358,570,0
39.391,570,0
39.423,570,0
39.455,570,0
39.487,570,0
39.519,570,0
39.552,570,0
39.584,570,0
39.614,570,0
39.647,570,0
39.679,570,0
39.711,570,0
39.759,570,0
39.791,570,0
39.822,570,0
39.855,570,0
39.886,570,0
39.919,570,0
39.95,570,0
39.982,570,0
40.014,570,0
40.047,570,0
40.078,570,0
40.109,570,0
40.159,570,0
40.19,570,0
40.222,570,0
40.255,570,0
40.288,570,0
40.319,570,0
40.351,570,0
40.383,570,0
40.415,570,0
40.448,570,0
40.479,570,0
40.511,570,0
40.544,570,0
40.591,570,0
40.623,570,0
40.655,570,0
40.687,570,0
40.719,570,0
40.751,570,0
40.783,570,0
40.816,570,0
40.848,570,0
40.88,570,0
40.911,570,0
40.943,570,0
40.992,570,0
41.024,570,0
41.056,570,0
41.088,570,0
41.119,570,0
41.151,570,0
41.183,570,0
41.215,570,0
41.247,570,0
41.279,570,0
41.312,570,0
41.36,570,0
41.391,570,0
41.423,570,0
41.455,570,0
41.488,570,0
41.519,570,0
41.551,570,0
41.583,570,0
41.615,570,0
41.648,570,0
41.679,570,0
41.711,570,0
41.743,570,0
41.792,570,0
41.824,570,0
41.855,570,0
41.888,570,0
41.919,570,0
41.952,570,0
41.984,570,0
42.015,570,0
42.046,570,0
42.079,570,0
42.111,570,0
42.143,570,0
42.19,570,0
42.223,570,0
42.254,570,0
42.287,570,0
42.319,570,0
42.351,570,0
42.384,570,0
42.416,570,0
42.448,570,0
42.48,570,0
42.512,570,0
42.544,570,0
42.591,570,0
42.622,570,0
42.654,570,0
42.686,570,0
42.718,570,0
42.75,570,0
42.783,570,0
42.816,570,0
42.847,570,0
42.88,570,0
42.911,570,0
42.942,570,0
42.992,570,0
43.023,570,0
43.055,570,0
43.087,570,0
43.119,570,70
43.151,570,70
43.183,570,70
43.214,570,70
43.247,570,70
43.28,570,70
43.311,570,70
43.345,570,70
43.393,570,70
43.423,570,70
43.455,570,70
43.487,570,70
43.519,480,70
43.551,480,70
43.583,480,70
43.616,480,70
43.647,480,70
43.68,480,70
43.71,480,70
43.744,480,70
43.791,480,70
43.822,480,70
43.854,480,70
43.886,480,70
43.919,480,70
43.952,480,70
43.983,480,70
44.016,480,70
44.047,480,70
44.08,480,70
44.111,480,70
44.144,480,70
44.192,480,70
44.222,480,70
44.255,480,70
44.288,480,70
44.319,480,70
44.353,480,70
44.382,480,70
44.415,480,70
44.447,480,70
44.479,480,70
44.512,480,70
44.545,480,70
44.591,480,70
44.624,480,70
44.655,480,70
44.688,480,70
44.718,480,70
44.752,480,70
44.783,480,70
44.816,480,70
44.847,480,70
44.88,480,70
44.911,480,70
44.943,480,70
44.974,480,70
45.023,480,70
45.056,480,70
45.087,480,70
45.118,480,70
45.15,480,70
45.183,480,70
45.216,480,70
45.247,480,70
45.28,480,70
45.312,480,70
45.344,480,70
45.393,480,70
45.423,480,70
45.455,480,70
45.487,480,70
45.519,480,70
45.551,480,70
45.583,480,70
45.615,480,70
45.647,480,70
45.678,480,70
45.71,480,70
45.742,480,70
45.775,480,70
45.824,480,70
45.855,480,70
45.887,480,70
45.919,480,70
45.952,480,70
45.983,480,70
46.014,480,70
46.047,480,70
46.08,480,70
46.112,480,70
46.144,480,70
46.175,480,70
46.223,480,70
46.255,480,70
46.287,480,70
46.32,480,70
46.353,480,70
46.384,480,70
46.415,480,70
46.447,480,70
46.479,480,70
46.511,480,70
46.543,480,70
46.591,480,70
46.624,480,70
46.655,480,70
46.687,480,70
46.719,480,70
46.751,480,70
46.783,480,70
46.816,480,70
46.847,480,70
46.88,480,70
46.912,480,70
46.944,480,70
46.977,480,70
47.024,480,70
47.055,480,70
47.088,480,70
47.119,480,70
47.152,480,70
47.184,480,70
47.216,480,70
47.247,480,70
47.279,480,70
47.312,480,70
47.343,480,70
47.376,480,70
47.425,480,70
47.455,480,70
47.487,480,70
47.519,480,70
47.552,480,70
47.584,480,70
47.615,480,70
47.647,480,70
47.678,480,70
47.711,480,70
47.744,480,70
47.776,480,70
47.825,480,70
47.856,480,70
47.887,480,70
47.919,480,70
47.952,480,70
47.983,480,70
48.015,480,70
48.047,480,70
48.079,480,70
48.112,480,70
48.144,480,70
48.175,480,70
48.224,480,70
48.255,480,70
48.285,480,70
48.319,480,70
48.352,480,70
48.383,480,70
48.415,480,70
48.448,480,70
48.48,480,70
48.511,480,70
48.544,480,70
48.576,480,70
48.624,480,70
48.655,480,70
48.686,480,70
48.719,480,70
48.75,480,70
48.783,480,70
48.815,480,70
48.847,480,70
48.88,480,70
48.911,480,70
48.943,480,70
48.977,480,70
49.008,480,70
49.055,480,70
49.088,480,70
49.12,480,70
49.151,480,70
49.185,480,70
49.217,480,70
49.248,480,70
49.279,480,70
49.311,480,70
49.343,480,70
49.376,480,70
49.424,480,70
49.457,480,70
49.488,480,70
49.519,480,70
49.553,480,70
49.584,480,70
49.615,480,70
49.647,480,70
49.679,480,70
49.712,480,70
49.743,480,70
49.777,480,70
49.823,480,70
49.855,480,70
49.888,480,70
49.92,480,70
49.951,480,70
49.983,480,70
50.016,480,70
50.047,480,70
50.079,480,70
50.111,480,70
50.143,480,70
50.176,480,70
50.208,480,70
50.256,480,70
50.287,480,70
50.319,480,70
50.351,480,70
50.382,480,70
50.415,480,70
50.448,480,70
50.479,480,70
50.511,480,70
50.544,480,70
50.575,480,70
50.624,480,70
50.655,480,70
50.686,480,70
50.719,480,70
50.752,480,70
50.783,480,70
50.816,480,70
50.847,480,70
50.879,480,70
50.911,480,70
50.943,480,70
50.976,480,70
51.008,480,70
51.055,480,70
51.089,480,70
51.119,480,70
51.152,480,70
51.183,480,70
51.215,480,70
51.247,480,70
51.28,480,70
51.312,480,70
51.342,480,70
51.375,480,70
51.407,480,70
51.457,480,70
51.489,480,70
51.52,480,70
51.551,480,70
51.583,480,70
51.616,480,70
51.647,480,70
51.68,480,70
51.711,480,70
51.744,480,70
51.775,480,70
51.807,480,70
51.855,480,70
51.888,480,70
51.92,480,70
51.952,480,70
51.982,480,70
52.015,480,70
52.047,480,70
52.079,480,70
52.111,480,70
52.144,480,70
52.176,480,70
52.208,480,70
52.256,480,70
52.289,480,70
52.319,480,70
52.352,480,70
52.384,480,70
52.417,480,70
52.448,480,70
52.48,480,70
52.512,480,70
52.544,480,70
52.576,480,70
52.608,480,70
52.655,480,70
52.687,480,70
52.719,480,70
52.752,480,70
52.783,480,70
52.816,480,70
52.847,480,70
52.879,480,70
52.912,480,70
52.944,480,70
52.976,480,70
53.007,480,70
53.056,480,70
53.087,480,70
53.12,480,70
53.151,480,70
53.184,480,70
53.215,480,70
53.248,480,70
53.28,480,70
53.312,480,70
53.344,480,70
53.375,480,70
53.408,480,70
53.456,480,70
53.488,480,70
53.519,480,70
53.552,480,70
53.583,480,70
53.616,480,70
53.648,480,70
53.68,480,70
53.711,480,70
53.744,480,70
53.775,480,70
53.807,480,70
53.856,480,70
53.886,480,70
53.919,480,70
53.951,570,70
53.983,570,70
54.017,570,70
54.047,570,70
54.079,570,70
54.112,570,70
54.144,570,70
54.176,570,70
54.206,570,70
54.239,570,70
54.289,570,70
54.319,570,70
54.353,570,70
54.383,570,70
54.415,570,70
54.447,570,70
54.479,570,70
54.513,570,70
54.544,570,70
54.576,570,70
54.608,570,70
54.656,570,70
54.688,570,70
54.718,480,70
54.751,480,70
54.784,480,70
54.816,480,70
54.849,480,70
54.88,480,70
54.912,570,70
54.944,570,70
54.976,570,70
55.007,570,70
55.055,570,70
55.087,570,70
55.12,570,70
55.152,570,70
55.185,570,70
55.217,570,70
55.248,570,70
55.28,570,70
55.312,570,70
55.344,570,70
55.377,570,70
55.409,570,70
55.44,570,70
55.489,570,70
55.52,570,70
55.553,570,70
55.584,570,70
55.616,570,70
55.648,570,70
55.68,480,70
55.711,480,70
55.743,480,70
55.776,480,70
55.808,480,70
55.84,480,70
55.887,480,70
55.919,480,70
55.952,480,70
55.984,480,70
56.017,480,70
56.047,480,70
56.08,480,70
56.111,570,70
56.143,570,70
56.176,570,70
56.208,570,70
56.239,570,70
56.288,570,70
56.32,570,70
56.352,570,70
56.384,570,70
56.414,570,70
56.448,570,70
56.48,570,70
56.512,570,70
56.544,570,70
56.575,570,70
56.607,570,70
56.639,570,70
56.688,570,70
56.72,570,70
56.751,570,70
56.784,570,70
56.815,480,70
56.848,480,70
56.88,480,70
56.912,480,70
56.944,480,70
56.976,480,70
57.009,480,70
57.04,480,70
57.088,480,70
57.12,480,70
57.153,480,70
57.184,480,70
57.216,480,70
57.247,480,70
57.279,480,70
57.311,570,70
57.343,570,70
57.377,570,70
57.409,570,70
57.439,570,70
57.489,570,70
57.52,570,70
57.552,570,70
57.584,570,70
57.616,570,70
57.647,570,70
57.679,570,70
57.711,570,70
57.744,570,70
57.775,570,70
57.807,570,70
57.839,570,70
57.887,570,70
57.92,570,70
57.951,570,70
57.984,570,70
58.016,570,70
58.047,570,70
58.079,570,70
58.111,570,70
58.143,570,70
58.176,570,70
58.208,570,70
58.24,570,70
58.289,570,70
58.32,570,70
58.352,570,70
58.385,570,70
58.416,570,70
58.447,570,70
58.478,570,70
58.512,570,70
58.544,570,70
58.576,570,70
58.608,570,70
58.64,570,70
58.688,570,70
58.72,570,70
58.752,570,70
58.784,570,70
58.815,570,70
58.848,570,70
58.88,570,70
58.912,570,70
58.943,570,70
58.976,570,70
59.007,570,70
59.039,570,70
59.088,570,70
59.12,570,70
59.152,570,70
59.184,570,70
59.216,570,70
59.248,570,70
59.28,680,70
59.312,680,70
59.345,570,70
59.377,570,70
59.408,570,70
59.44,570,70
59.472,570,70
59.52,570,70
59.551,570,70
59.584,570,70
59.616,570,70
59.647,570,70
59.68,570,70
59.713,570,70
59.743,570,70
59.775,570,70
59.808,570,70
59.839,570,70
59.872,570,70
59.921,570,70
59.952,570,70
59.984,570,70
60.017,570,70
60.048,570,70
60.079,570,70
60.111,570,70
60.143,570,70
60.175,680,70
60.207,680,70
60.239,680,70
60.272,570,70
60.32,570,70
60.351,570,70
60.384,570,70
60.416,570,70
60.447,570,70
60.479,570,70
60.511,570,70
60.543,570,70
60.574,570,70
60.607,570,70
60.64,570,70
60.67,680,70
60.719,680,70
60.751,680,70
60.784,680,70
60.816,680,70
60.849,570,70
60.88,570,70
60.912,570,70
60.945,570,70
60.977,570,70
61.007,570,70
61.039,570,70
61.072,570,70
61.119,570,70
61.151,570,70
61.183,570,70
61.215,570,70
61.247,570,70
61.279,570,70
61.312,570,70
61.345,570,70
61.376,570,70
61.408,570,70
61.44,570,70
61.472,570,70
61.52,570,70
61.552,570,70
61.584,570,70
61.617,570,70
61.647,570,70
61.679,570,70
61.711,570,70
61.744,570,70
61.775,570,70
61.807,570,70
61.84,570,70
61.872,570,70
61.92,570,70
61.952,570,70
61.984,570,70
62.016,570,70
62.048,570,70
62.08,570,70
62.112,570,70
62.145,570,70
62.176,570,70
62.207,570,70
62.239,570,70
62.271,570,70
62.32,570,70
62.351,570,70
62.384,570,70
62.415,570,70
62.448,570,70
62.48,570,70
62.511,570,70
62.544,570,70
62.576,570,70
62.608,570,70
62.641,570,70
62.673,570,70
62.721,570,70
62.754,570,70
62.784,570,70
62.815,570,70
62.847,570,70
62.88,570,70
62.91,570,70
62.943,570,70
62.975,570,70
63.01,570,70
63.04,570,70
63.073,570,70
63.12,570,70
63.153,570,70
63.185,570,70
63.216,570,70
63.248,570,70
63.281,570,70
63.312,570,70
63.344,570,70
63.376,570,70
63.409,570,70
63.44,570,70
63.471,570,70
63.505,570,70
63.552,570,70
63.585,570,70
63.616,570,70
63.647,570,70
63.681,570,70
63.714,570,70
63.745,570,70
63.777,570,70
63.808,570,70
63.839,570,70
63.872,570,70
63.904,570,70
63.95,570,70
63.984,570,70
64.016,570,70
64.047,570,70
64.079,570,70
64.112,570,70
64.145,570,70
64.176,570,70
64.208,570,70
64.24,570,70
64.272,570,70
64.319,570,70
64.352,570,70
64.384,570,70
64.416,570,70
64.447,570,70
64.479,570,70
64.512,570,70
64.545,570,70
64.576,570,70
64.607,570,70
64.639,570,70
64.672,570,70
64.704,570,70
64.753,570,70
64.784,570,70
64.815,570,70
64.847,570,70
64.88,570,70
64.912,570,70
64.944,570,70
64.976,570,70
65.008,570,70
65.039,570,70
65.072,570,70
65.103,570,70
65.152,570,70
65.184,570,70
65.215,570,70
65.247,570,70
65.28,570,70
65.311,570,70
65.343,570,70
65.376,570,70
65.408,570,70
65.44,570,70
65.472,570,70
65.504,570,70
65.553,570,70
65.583,570,70
65.616,570,70
65.648,570,70
65.68,570,70
65.712,570,70
65.744,570,70
65.775,570,70
65.807,570,70
65.839,570,70
65.871,570,70
65.903,570,70
65.954,570,70
65.984,570,70
66.017,570,70
66.047,570,70
66.08,570,70
66.112,570,70
66.145,570,70
66.177,570,70
66.207,570,70
66.24,570,70
66.271,570,70
66.303,570,70
66.351,570,70
66.383,570,70
66.416,570,70
66.449,570,70
66.481,570,70
66.513,570,70
66.544,570,70
66.575,570,70
66.609,570,70
66.639,570,70
66.672,570,70
66.704,570,70
66.752,570,70
66.784,570,70
66.816,570,70
66.848,570,70
66.879,570,70
66.911,570,70
66.943,570,70
66.976,570,70
67.007,570,70
67.04,570,70
67.071,570,70
67.103,570,70
67.151,570,70
67.182,570,70
67.215,570,70
67.247,570,70
67.279,570,70
67.311,570,70
67.343,570,70
67.375,570,70
67.408,570,70
67.439,570,70
67.471,570,70
67.504,570,70
67.552,570,70
67.584,570,70
67.617,570,70
67.647,570,70
67.68,570,70
67.712,570,70
67.744,570,70
67.776,570,70
67.808,570,70
67.84,570,70
67.872,570,70
67.903,570,70
67.935,570,70
67.983,570,70
68.016,570,70
68.047,570,70
68.08,570,70
68.113,570,70
68.144,570,70
68.176,570,70
68.209,570,70
68.241,570,70
68.272,570,70
68.304,570,70
68.353,570,70
68.384,570,70
68.416,570,70
68.446,570,70
68.481,570,70
68.511,570,70
68.543,570,70
68.575,570,70
68.607,570,70
68.64,570,70
68.672,570,70
68.704,570,70
68.737,570,70
68.786,570,70
68.816,570,70
68.849,570,70
68.881,570,70
68.913,570,70
68.944,570,70
68.977,570,70
69.009,570,70
69.039,570,70
69.071,570,70
69.103,570,70
69.136,570,70
69.183,570,70
69.217,570,70
69.248,570,70
69.28,570,70
69.314,570,70
69.346,570,70
69.377,570,70
69.409,570,70
69.442,570,70
69.472,570,70
69.504,570,70
69.553,570,70
69.584,570,70
69.617,570,70
69.647,570,70
69.679,570,70
69.712,570,70
69.744,570,70
69.776,570,70
69.808,570,70
69.84,570,70
69.871,570,70
69.904,570,70
69.936,570,70
69.985,570,70
70.016,570,70
70.047,570,70
70.08,570,70
70.112,570,70
70.144,570,70
70.177,570,70
70.208,570,70
70.239,570,70
70.271,570,70
70.303,570,70
70.336,570,70
70.386,570,70
70.416,570,70
70.449,570,70
70.48,570,70
70.512,570,70
70.545,570,70
70.576,570,70
70.608,570,70
70.641,570,70
70.672,570,70
70.704,570,70
70.735,570,70
70.783,570,70
70.816,570,70
70.848,570,70
70.879,570,70
70.912,570,70
70.945,570,70
70.976,570,70
71.008,570,70
71.04,570,70
71.071,570,70
71.103,570,70
71.136,570,70
71.185,570,70
71.216,570,70
71.247,570,70
71.279,570,70
71.312,570,70
71.343,570,70
71.375,570,70
71.408,570,70
71.439,570,70
71.472,570,70
71.505,570,70
71.536,570,70
71.585,570,70
71.615,570,70
71.647,570,70
71.68,570,70
71.712,570,70
71.744,570,70
71.777,570,70
71.808,570,70
71.84,570,70
71.872,570,70
71.904,570,70
71.936,570,70
71.967,570,70
72.015,570,70
72.048,570,70
72.081,570,70
72.112,570,70
72.145,570,70
72.177,570,70
72.208,570,70
72.24,570,70
72.272,570,70
72.304,570,70
72.337,570,70
72.386,570,70
72.417,570,70
72.448,570,70
72.481,570,70
72.511,570,70
72.543,570,70
72.576,570,70
72.608,570,70
72.64,570,70
72.671,570,70
72.704,570,70
72.736,570,70
72.769,570,70
72.816,570,70
72.849,570,70
72.88,570,70
72.912,570,70
72.945,570,70
72.976,570,70
73.009,570,70
73.04,570,70
73.072,570,70
73.103,570,70
73.136,570,70
73.168,570,70
73.217,570,70
73.247,570,70
73.279,570,70
73.312,570,70
73.344,570,70
73.376,570,70
73.409,570,70
73.44,570,70
73.472,570,70
73.504,570,70
73.536,570,70
73.583,570,70
73.615,570,70
73.647,570,70
73.68,570,70
73.712,570,70
73.745,570,70
73.777,570,70
73.809,570,70
73.841,570,70
73.872,570,70
73.904,570,70
73.936,570,70
73.967,570,70
74.018,570,70
74.047,570,70
74.079,570,70
74.111,570,70
74.144,570,70
74.176,570,70
74.208,570,70
74.239,570,70
74.27,570,70
74.303,570,70
74.336,570,70
74.369,570,70
74.416,570,70
74.448,570,70
74.48,570,70
74.513,570,70
74.544,570,70
74.576,570,70
74.608,570,70
74.641,570,70
74.672,570,70
74.705,570,70
74.737,570,70
74.767,570,70
74.815,570,70
74.848,570,70
74.881,570,70
74.912,570,70
74.946,570,70
74.977,570,70
75.009,570,70
75.04,570,70
75.073,570,70
75.104,570,70
75.136,570,70
75.167,570,70
75.217,570,70
75.247,570,70
75.279,570,70
75.311,570,70
75.345,570,70
75.375,570,70
75.408,570,70
75.44,570,70
75.471,570,70
75.503,570,70
75.535,570,70
75.568,570,70
75.616,570,70
75.647,570,70
75.68,570,70
75.711,570,70
75.744,570,70
75.776,570,70
75.807,570,70
75.84,570,70
75.872,570,70
75.904,570,70
75.936,570,70
75.967,570,70
76.016,570,70
76.047,570,70
76.08,570,70
76.113,570,70
76.145,570,70
76.176,570,70
76.209,570,70
76.24,570,70
76.272,570,70
76.303,570,70
76.336,570,70
76.368,570,70
76.416,570,70
76.447,570,70
76.479,570,70
76.512,570,70
76.544,570,70
76.576,570,70
76.608,570,70
76.639,570,70
76.671,570,70
76.705,570,70
76.736,570,70
76.769,570,70
76.817,570,70
76.848,570,70
76.881,570,70
76.913,570,70
76.944,570,70
76.976,570,70
77.007,570,70
77.039,570,70
77.072,570,70
77.104,570,70
77.136,570,70
77.169,570,70
77.2,570,70
77.249,570,70
77.279,570,70
77.311,570,70
77.344,570,70
77.376,570,70
77.408,570,70
77.44,570,70
77.472,570,0
77.503,570,0
77.535,570,0
77.568,570,0
77.616,570,0
77.648,570,0
77.681,570,0
77.713,570,0
77.744,570,0
77.776,570,0
77.809,570,0
